method,N,runs,cost_mean,cost_std,gap_mean_pct,gap_std_pct,runtime_mean,runtime_std
exact,1,5,370.5461,298.1372,0.0000,0.0000,0.0006,0.0001
exact,2,6,852.3889,839.8031,0.0000,0.0000,0.0053,0.0011
exact,3,2,313.8995,51.8995,0.0000,0.0000,0.0032,0.0025
exact,5,5,1133.6528,389.8589,0.0000,0.0000,0.0449,0.0216
exact,10,5,2526.1717,364.1277,0.0000,0.0000,35.5533,28.8293
exact,15,5,5679.3306,2424.4706,0.0000,0.0000,16408.9432,3182.1155
exact,20,5,5766.9225,1200.6704,0.0000,0.0000,18000.0023,0.0009
exact,30,5,8816.3619,1429.2405,0.0000,0.0000,13807.2459,3793.9044
exact,31,1,14061.0143,0.0000,0.0000,0.0000,18000.0080,0.0000
exact,36,1,11748.3895,0.0000,0.0000,0.0000,18000.0087,0.0000
exact,44,1,18357.4014,0.0000,0.0000,0.0000,12979.9191,0.0000
exact,50,5,24348.1359,2343.1044,0.0000,0.0000,18000.0299,0.0072
exact,53,1,26234.6103,0.0000,0.0000,0.0000,18000.0164,0.0000
exact,59,1,28511.2899,0.0000,0.0000,0.0000,18000.0180,0.0000
exact,75,4,53552.3594,12721.0430,0.0000,0.0000,18000.0635,0.0055
exact,79,1,42641.6479,0.0000,0.0000,0.0000,18000.0643,0.0000
exact,100,1,89123.6684,0.0000,0.0000,0.0000,18000.1839,0.0000
exact,109,1,2770151.9990,0.0000,0.0000,0.0000,18000.0945,0.0000
exact,119,1,4862063.1873,0.0000,0.0000,0.0000,18000.1733,0.0000
ga,1,240,370.5461,298.1372,0.0000,0.0000,0.2492,0.2967
ga,2,288,971.8647,922.9326,10.2439,22.8569,0.3204,0.3823
ga,3,96,313.8995,51.8995,0.0000,0.0000,0.3976,0.4739
ga,5,240,1171.4417,407.7526,2.9864,5.1739,0.4863,0.5809
ga,10,240,3008.9076,645.9726,18.4066,16.6087,0.7563,0.9028
ga,15,240,8963.3154,5151.3549,48.5386,29.5039,1.0144,1.2120
ga,20,240,9176.6398,2697.4249,57.7853,24.3305,1.3378,1.6005
ga,30,240,12263.2617,2625.9976,39.7458,22.7237,2.0530,2.4618
ga,31,48,16374.2495,519.1262,16.4514,3.6920,2.1639,2.5990
ga,36,48,13342.7045,538.3775,13.5705,4.5826,2.5249,3.0341
ga,44,48,17240.2512,914.8879,-6.0856,4.9838,3.1435,3.7842
ga,50,240,39600.4588,12659.0833,62.7635,48.9224,3.5534,4.2635
ga,53,48,26590.6388,1186.0165,1.3571,4.5208,3.8699,4.6489
ga,59,48,30224.7018,1919.8644,6.0096,6.7337,4.4234,5.3183
ga,75,240,50488.0024,22991.8148,-2.9564,43.6223,5.8232,6.9928
ga,79,48,39605.9529,2457.2846,-7.1191,5.7626,6.1177,7.3162
ga,100,288,805731.2033,1607696.4776,3.4134,61.0166,8.3158,9.9479
ga,105,48,4528618.3736,502069.8115,,,8.1284,9.7519
ga,109,48,2744796.2239,561995.2498,-0.9153,20.2875,8.4663,10.1534
ga,114,5,2584760.9298,114515.1702,,,21.4310,9.6270
ga,119,48,4003099.3567,470484.5780,-17.6667,9.6766,8.6582,10.3716
ga,150,240,167701.4627,114184.9695,,,15.3961,18.3705
ga,200,240,253235.1972,179607.1186,,,27.6123,32.9916
savings,1,5,370.5461,298.1372,0.0000,0.0000,0.0000,0.0000
savings,2,6,971.8647,922.9326,10.2439,22.8569,0.0000,0.0000
savings,3,2,313.8995,51.8995,0.0000,0.0000,0.0000,0.0000
savings,5,5,1365.4182,549.6033,18.4162,21.7982,0.0000,0.0000
savings,10,5,3534.6924,775.0004,39.6870,23.8124,0.0000,0.0000
savings,15,5,11023.0635,6405.2633,81.2680,38.4959,0.0001,0.0000
savings,20,5,12506.1460,3707.6949,112.9447,25.4693,0.0001,0.0000
savings,30,5,15872.8960,3598.1479,82.6218,39.6752,0.0002,0.0001
savings,31,1,17018.9478,0.0000,21.0364,0.0000,0.0002,0.0000
savings,36,1,12647.1524,0.0000,7.6501,0.0000,0.0002,0.0000
savings,44,1,16369.0688,0.0000,-10.8312,0.0000,0.0002,0.0000
savings,50,5,59506.8757,11680.9989,144.2500,39.6246,0.0020,0.0005
savings,53,1,26639.3926,0.0000,1.5429,0.0000,0.0002,0.0000
savings,59,1,27841.8752,0.0000,-2.3479,0.0000,0.0004,0.0000
savings,75,5,64607.5412,15014.2109,20.5062,10.2060,0.0023,0.0013
savings,79,1,39608.2373,0.0000,-7.1137,0.0000,0.0012,0.0000
savings,100,6,734843.7375,1413505.3384,20.4588,0.0000,0.0123,0.0061
savings,105,1,4328217.6282,0.0000,,,0.0008,0.0000
savings,109,1,2428707.7302,0.0000,-12.3258,0.0000,0.0010,0.0000
savings,119,1,3628778.1039,0.0000,-25.3655,0.0000,0.0010,0.0000
savings,150,5,205465.3691,32108.6882,,,0.0402,0.0043
savings,200,5,223883.5600,43910.9604,,,0.0672,0.0302
tabu,1,60,370.5461,298.1372,0.0000,0.0000,0.0002,0.0001
tabu,2,72,852.3889,839.8031,0.0000,0.0000,0.0004,0.0003
tabu,3,24,313.8995,51.8995,0.0000,0.0000,0.0001,0.0000
tabu,5,60,1135.5573,390.5378,0.1501,0.3002,0.0008,0.0010
tabu,10,60,2547.3387,367.1639,0.8272,1.1255,0.0023,0.0023
tabu,15,60,5687.8971,2427.9603,0.1473,0.1650,0.0115,0.0054
tabu,20,60,5773.7518,1164.1873,0.2818,0.8624,0.0341,0.0080
tabu,30,60,8423.4338,1301.9824,-4.0864,5.5801,0.1149,0.0463
tabu,31,12,15729.8241,0.0000,11.8683,0.0000,0.0784,0.0018
tabu,36,12,11349.6901,0.0000,-3.3937,0.0000,0.1144,0.0016
tabu,44,12,16009.1175,0.0000,-12.7920,0.0000,0.2070,0.0018
tabu,50,60,18752.8704,2313.6417,-22.6725,8.8597,0.6025,0.0946
tabu,53,12,24998.2995,0.0000,-4.7125,0.0000,0.5007,0.0026
tabu,59,12,27754.7528,0.0000,-2.6535,0.0000,0.4635,0.0033
tabu,75,60,26570.4042,3743.1610,-49.2368,7.1201,2.3170,0.4744
tabu,79,12,36081.7585,0.0000,-15.3838,0.0000,1.1182,0.0069
tabu,100,72,665603.6140,1405301.3063,-59.3310,0.0000,4.6527,1.7508
tabu,105,12,4007714.6007,0.0000,,,2.6074,0.0176
tabu,109,12,2032938.2630,0.0000,-26.6128,0.0000,3.1362,0.0160
tabu,119,12,3628778.1039,0.0000,-25.3655,0.0000,1.8266,0.0211
tabu,150,60,54170.3132,2713.0848,,,19.6956,3.4465
tabu,200,60,78303.3484,5946.7478,,,73.8095,29.9559
