method,instance,runs,cost_mean,cost_std,runtime_mean
exact,augerat_A_n32_k5,1,6764.4224,0,13963.1884
exact,augerat_A_n37_k5,1,6225.2615,0,18000.0050
exact,augerat_A_n45_k6,1,10679.9367,0,13327.9022
exact,augerat_A_n54_k7,1,12760.8000,0,18000.0277
exact,augerat_A_n60_k9,1,15088.8010,0,18000.0497
exact,augerat_A_n80_k10,1,20194.6107,0,18000.0478
exact,ex1_1v_feasible,1,96.6421,0,0.0050
exact,ex3_3v_all_feasible,1,167.0000,0,0.0007
exact,ex5_3v_one_used_feasible,1,128.2990,0,0.0056
exact,hfvrp_n001_m03_s01,1,129.4194,0,0.0006
exact,hfvrp_n001_m03_s02,1,168.9472,0,0.0009
exact,hfvrp_n001_m03_s03,1,130.4387,0,0.0006
exact,hfvrp_n001_m03_s04,1,122.3868,0,0.0007
exact,hfvrp_n001_m03_s05,1,97.7347,0,0.0010
exact,hfvrp_n002_m03_s01,1,379.8548,0,0.0051
exact,hfvrp_n002_m03_s02,1,149.3690,0,0.0069
exact,hfvrp_n002_m03_s03,1,191.6438,0,0.0049
exact,hfvrp_n002_m03_s04,1,183.4134,0,0.0061
exact,hfvrp_n002_m03_s05,1,297.7926,0,0.0052
exact,hfvrp_n005_m03_s01,1,386.6674,0,0.0355
exact,hfvrp_n005_m03_s02,1,402.6410,0,0.0401
exact,hfvrp_n005_m03_s03,1,444.7348,0,0.0448
exact,hfvrp_n005_m03_s04,1,350.4459,0,0.0513
exact,hfvrp_n005_m03_s05,1,428.9074,0,0.0830
exact,hfvrp_n010_m03_s01,1,583.3964,0,3.0473
exact,hfvrp_n010_m03_s02,1,621.1946,0,5.3060
exact,hfvrp_n010_m03_s03,1,725.6380,0,12.7284
exact,hfvrp_n010_m03_s04,1,655.7316,0,21.4066
exact,hfvrp_n010_m03_s05,1,645.7612,0,7.9970
exact,hfvrp_n015_m03_s01,1,896.1105,0,2163.4596
exact,hfvrp_n015_m03_s02,1,889.5634,0,6104.9022
exact,hfvrp_n015_m03_s03,1,663.0746,0,1155.1010
exact,hfvrp_n015_m03_s04,1,1164.8686,0,18000.0031
exact,hfvrp_n015_m03_s05,1,817.5518,0,96.3158
exact,hfvrp_n020_m04_s01,1,979.1195,0,18000.0015
exact,hfvrp_n020_m04_s02,1,984.3551,0,18000.0021
exact,hfvrp_n020_m04_s03,1,1158.4094,0,18000.0061
exact,hfvrp_n020_m04_s04,1,1118.1304,0,18000.0048
exact,hfvrp_n020_m04_s05,1,1104.1577,0,18000.0025
exact,hfvrp_n030_m06_s01,1,2028.9442,0,10148.4094
exact,hfvrp_n030_m06_s02,1,1743.1397,0,8564.4945
exact,hfvrp_n030_m06_s03,1,1681.4655,0,18000.0034
exact,hfvrp_n030_m06_s04,1,1692.7066,0,7535.0442
exact,hfvrp_n030_m06_s05,1,1679.0015,0,18000.0037
exact,hfvrp_n050_m10_s01,1,3781.9886,0,12339.3173
exact,hfvrp_n050_m10_s02,1,4610.8568,0,11671.7028
exact,hfvrp_n050_m10_s03,1,3555.9715,0,18000.0253
exact,hfvrp_n050_m10_s04,1,3503.1811,0,14512.6314
exact,hfvrp_n050_m10_s05,1,4407.8052,0,11460.4083
exact,hfvrp_n075_m15_s01,1,6362.8505,0,14398.4898
exact,hfvrp_n075_m15_s03,1,8550.8785,0,18000.0716
exact,hfvrp_n075_m15_s04,1,7312.6423,0,16137.8001
exact,hfvrp_n075_m15_s05,1,8668.6069,0,18000.0447
exact,hfvrp_n100_m20_s03,1,13090.2577,0,18000.1283
exact,hfvrp_n100_m20_s04,1,11478.9947,0,18000.1438
exact,hfvrp_n100_m20_s05,1,12737.2241,0,18000.1290
ga,augerat_A_n32_k5,48,8734.9922,78.0648,2.1277
ga,augerat_A_n37_k5,48,8557.7081,132.6636,2.5079
ga,augerat_A_n45_k6,48,11980.6238,214.2985,3.1062
ga,augerat_A_n54_k7,48,13422.0080,269.2191,3.8031
ga,augerat_A_n60_k9,48,16882.8905,299.3075,4.3593
ga,augerat_A_n80_k10,48,19471.1468,438.9147,5.9261
ga,ex1_1v_feasible,48,96.6421,0.0000,0.3017
ga,ex3_3v_all_feasible,48,167.0000,0.0000,0.4002
ga,ex5_3v_one_used_feasible,48,128.2990,0.0000,0.3873
ga,hfvrp_n001_m03_s01,48,129.4194,0.0000,0.2470
ga,hfvrp_n001_m03_s02,48,168.9472,0.0000,0.2471
ga,hfvrp_n001_m03_s03,48,130.4387,0.0000,0.2472
ga,hfvrp_n001_m03_s04,48,122.3868,0.0000,0.2473
ga,hfvrp_n001_m03_s05,48,97.7347,0.0000,0.2485
ga,hfvrp_n002_m03_s01,48,379.8548,0.0000,0.3271
ga,hfvrp_n002_m03_s02,48,149.3690,0.0000,0.3180
ga,hfvrp_n002_m03_s03,48,191.6438,0.0000,0.3294
ga,hfvrp_n002_m03_s04,48,183.8014,0.0000,0.3175
ga,hfvrp_n002_m03_s05,48,381.7497,0.0000,0.3163
ga,hfvrp_n005_m03_s01,48,386.6674,0.0000,0.4798
ga,hfvrp_n005_m03_s02,48,414.7710,0.0000,0.4811
ga,hfvrp_n005_m03_s03,48,444.7348,0.0000,0.4860
ga,hfvrp_n005_m03_s04,48,350.4459,0.0000,0.4878
ga,hfvrp_n005_m03_s05,48,435.8034,1.0570,0.4861
ga,hfvrp_n010_m03_s01,48,598.9703,5.0164,0.7498
ga,hfvrp_n010_m03_s02,48,668.4487,10.6414,0.7622
ga,hfvrp_n010_m03_s03,48,745.6662,6.6899,0.7468
ga,hfvrp_n010_m03_s04,48,694.2957,0.0000,0.7414
ga,hfvrp_n010_m03_s05,48,767.4121,78.6823,0.7575
ga,hfvrp_n015_m03_s01,48,1179.8106,55.5238,0.9968
ga,hfvrp_n015_m03_s02,48,1091.7086,32.2402,1.0050
ga,hfvrp_n015_m03_s03,48,762.8748,15.4689,1.0038
ga,hfvrp_n015_m03_s04,48,1696.3213,5.9020,1.0023
ga,hfvrp_n015_m03_s05,48,926.4468,4.0439,1.0018
ga,hfvrp_n020_m04_s01,48,1112.3407,62.0852,1.3276
ga,hfvrp_n020_m04_s02,48,1096.6649,38.4604,1.3300
ga,hfvrp_n020_m04_s03,48,1409.1262,36.3409,1.3154
ga,hfvrp_n020_m04_s04,48,1410.0441,80.7892,1.3157
ga,hfvrp_n020_m04_s05,48,1322.6992,73.0280,1.3182
ga,hfvrp_n030_m06_s01,48,2337.3937,200.4822,2.0295
ga,hfvrp_n030_m06_s02,48,2101.8440,116.6853,2.0048
ga,hfvrp_n030_m06_s03,48,2006.2787,168.0171,1.9729
ga,hfvrp_n030_m06_s04,48,1991.4213,283.3664,2.0297
ga,hfvrp_n030_m06_s05,48,2008.0701,278.4534,2.0052
ga,hfvrp_n050_m10_s01,48,4589.6427,685.2825,3.4856
ga,hfvrp_n050_m10_s02,48,5546.4698,931.8425,3.4840
ga,hfvrp_n050_m10_s03,48,4902.7023,842.1983,3.4832
ga,hfvrp_n050_m10_s04,48,4880.9935,742.9438,3.4776
ga,hfvrp_n050_m10_s05,48,5015.9543,740.2791,3.4574
ga,hfvrp_n075_m15_s01,48,7000.9347,1636.9902,5.6532
ga,hfvrp_n075_m15_s02,48,9041.2822,2143.6635,5.6805
ga,hfvrp_n075_m15_s03,48,9213.5321,2114.6311,5.6717
ga,hfvrp_n075_m15_s04,48,9116.9391,2333.0972,5.7067
ga,hfvrp_n075_m15_s05,48,8155.3865,1643.4929,5.6653
ga,hfvrp_n100_m20_s01,48,14530.9480,3603.1294,7.9193
ga,hfvrp_n100_m20_s02,48,13882.9370,3999.6706,7.8593
ga,hfvrp_n100_m20_s03,48,13768.1638,3746.5094,7.8811
ga,hfvrp_n100_m20_s04,48,13820.9492,3913.4360,7.9105
ga,hfvrp_n100_m20_s05,48,14186.8004,4222.4029,7.8804
ga,hfvrp_n150_m30_s01,48,27647.9731,9071.8680,14.6303
ga,hfvrp_n150_m30_s02,48,26053.3707,8587.5323,14.5294
ga,hfvrp_n150_m30_s03,48,28488.1487,8834.9940,14.4404
ga,hfvrp_n150_m30_s04,48,29941.6365,10050.4577,14.8102
ga,hfvrp_n150_m30_s05,48,24869.0344,7804.5041,14.3056
ga,hfvrp_n200_m40_s01,48,46198.4922,16924.2695,26.8483
ga,hfvrp_n200_m40_s02,48,43346.3640,15239.1827,26.5949
ga,hfvrp_n200_m40_s03,48,49015.6231,17816.4039,26.3973
ga,hfvrp_n200_m40_s04,48,44688.3502,14627.4624,26.6471
ga,hfvrp_n200_m40_s05,48,45448.7571,16275.8525,26.5049
ga,pyvrp_X101_FSMFD,48,4180039.9160,381965.6970,8.5079
ga,pyvrp_X106_FSMD,48,4216557.9216,466571.4541,8.1075
ga,pyvrp_X110_HD,48,2520846.2693,469511.9027,8.5227
ga,pyvrp_X115_HVRP,4,2316586.1507,37844.5471,24.1196
ga,pyvrp_X120_FSMF,48,3431215.4706,313001.9400,8.5540
savings,augerat_A_n32_k5,1,8693.1500,0,0.0002
savings,augerat_A_n37_k5,1,8352.3226,0,0.0001
savings,augerat_A_n45_k6,1,11620.9706,0,0.0002
savings,augerat_A_n54_k7,1,13951.4930,0,0.0004
savings,augerat_A_n60_k9,1,15733.5647,0,0.0005
savings,augerat_A_n80_k10,1,18339.4408,0,0.0011
savings,ex1_1v_feasible,1,96.6421,0,0.0000
savings,ex3_3v_all_feasible,1,167.0000,0,0.0000
savings,ex5_3v_one_used_feasible,1,128.2990,0,0.0000
savings,hfvrp_n001_m03_s01,1,129.4194,0,0.0000
savings,hfvrp_n001_m03_s02,1,168.9472,0,0.0000
savings,hfvrp_n001_m03_s03,1,130.4387,0,0.0000
savings,hfvrp_n001_m03_s04,1,122.3868,0,0.0000
savings,hfvrp_n001_m03_s05,1,97.7347,0,0.0000
savings,hfvrp_n002_m03_s01,1,379.8548,0,0.0000
savings,hfvrp_n002_m03_s02,1,149.3690,0,0.0000
savings,hfvrp_n002_m03_s03,1,191.6438,0,0.0000
savings,hfvrp_n002_m03_s04,1,183.8014,0,0.0000
savings,hfvrp_n002_m03_s05,1,381.7497,0,0.0000
savings,hfvrp_n005_m03_s01,1,386.6674,0,0.0000
savings,hfvrp_n005_m03_s02,1,433.5826,0,0.0000
savings,hfvrp_n005_m03_s03,1,461.8449,0,0.0000
savings,hfvrp_n005_m03_s04,1,395.5390,0,0.0000
savings,hfvrp_n005_m03_s05,1,485.0128,0,0.0000
savings,hfvrp_n010_m03_s01,1,651.1283,0,0.0000
savings,hfvrp_n010_m03_s02,1,744.0135,0,0.0000
savings,hfvrp_n010_m03_s03,1,744.6904,0,0.0000
savings,hfvrp_n010_m03_s04,1,752.5984,0,0.0000
savings,hfvrp_n010_m03_s05,1,645.7612,0,0.0000
savings,hfvrp_n015_m03_s01,1,1322.5846,0,0.0001
savings,hfvrp_n015_m03_s02,1,1147.5503,0,0.0000
savings,hfvrp_n015_m03_s03,1,780.6358,0,0.0001
savings,hfvrp_n015_m03_s04,1,1894.5419,0,0.0001
savings,hfvrp_n015_m03_s05,1,909.4788,0,0.0001
savings,hfvrp_n020_m04_s01,1,1201.1502,0,0.0002
savings,hfvrp_n020_m04_s02,1,1131.5862,0,0.0001
savings,hfvrp_n020_m04_s03,1,1750.2136,0,0.0001
savings,hfvrp_n020_m04_s04,1,1613.0906,0,0.0001
savings,hfvrp_n020_m04_s05,1,1633.6980,0,0.0001
savings,hfvrp_n030_m06_s01,1,2429.1429,0,0.0004
savings,hfvrp_n030_m06_s02,1,2147.6997,0,0.0002
savings,hfvrp_n030_m06_s03,1,2003.6322,0,0.0006
savings,hfvrp_n030_m06_s04,1,1918.8727,0,0.0001
savings,hfvrp_n030_m06_s05,1,2139.3102,0,0.0001
savings,hfvrp_n050_m10_s01,1,5000.4358,0,0.0026
savings,hfvrp_n050_m10_s02,1,5797.3780,0,0.0012
savings,hfvrp_n050_m10_s03,1,5730.1541,0,0.0010
savings,hfvrp_n050_m10_s04,1,5350.2536,0,0.0015
savings,hfvrp_n050_m10_s05,1,5011.1468,0,0.0007
savings,hfvrp_n075_m15_s01,1,5976.5064,0,0.0010
savings,hfvrp_n075_m15_s02,1,7811.3346,0,0.0006
savings,hfvrp_n075_m15_s03,1,8176.6727,0,0.0009
savings,hfvrp_n075_m15_s04,1,7437.3913,0,0.0010
savings,hfvrp_n075_m15_s05,1,6532.8962,0,0.0007
savings,hfvrp_n100_m20_s01,1,10388.4650,0,0.0125
savings,hfvrp_n100_m20_s02,1,11096.7334,0,0.0021
savings,hfvrp_n100_m20_s03,1,10884.5593,0,0.0069
savings,hfvrp_n100_m20_s04,1,11084.9340,0,0.0081
savings,hfvrp_n100_m20_s05,1,10684.3673,0,0.0080
savings,hfvrp_n150_m30_s01,1,21206.8635,0,0.0134
savings,hfvrp_n150_m30_s02,1,19590.0887,0,0.0160
savings,hfvrp_n150_m30_s03,1,21304.9069,0,0.0166
savings,hfvrp_n150_m30_s04,1,21400.9837,0,0.0174
savings,hfvrp_n150_m30_s05,1,16934.8369,0,0.0117
savings,hfvrp_n200_m40_s01,1,26560.6058,0,0.0162
savings,hfvrp_n200_m40_s02,1,27580.4766,0,0.0191
savings,hfvrp_n200_m40_s03,1,28116.5580,0,0.0156
savings,hfvrp_n200_m40_s04,1,26281.3034,0,0.0261
savings,hfvrp_n200_m40_s05,1,24924.5754,0,0.0297
savings,pyvrp_X101_FSMFD,1,3731377.4915,0,0.0007
savings,pyvrp_X106_FSMD,1,4030840.5640,0,0.0019
savings,pyvrp_X110_HD,1,2246418.8285,0,0.0007
savings,pyvrp_X120_FSMF,1,3207644.2232,0,0.0022
tabu,augerat_A_n32_k5,12,8686.0988,0.0000,0.0752
tabu,augerat_A_n37_k5,12,8253.5519,0.0000,0.1449
tabu,augerat_A_n45_k6,12,11523.6355,0.0000,0.2054
tabu,augerat_A_n54_k7,12,13032.3757,0.0000,0.3198
tabu,augerat_A_n60_k9,12,15654.1289,0.0000,0.4595
tabu,augerat_A_n80_k10,12,18262.3220,0.0000,0.9507
tabu,ex1_1v_feasible,12,96.6421,0.0000,0.0000
tabu,ex3_3v_all_feasible,12,167.0000,0.0000,0.0000
tabu,ex5_3v_one_used_feasible,12,128.2990,0.0000,0.0001
tabu,hfvrp_n001_m03_s01,12,129.4194,0.0000,0.0003
tabu,hfvrp_n001_m03_s02,12,168.9472,0.0000,0.0002
tabu,hfvrp_n001_m03_s03,12,130.4387,0.0000,0.0002
tabu,hfvrp_n001_m03_s04,12,122.3868,0.0000,0.0002
tabu,hfvrp_n001_m03_s05,12,97.7347,0.0000,0.0002
tabu,hfvrp_n002_m03_s01,12,379.8548,0.0000,0.0005
tabu,hfvrp_n002_m03_s02,12,149.3690,0.0000,0.0003
tabu,hfvrp_n002_m03_s03,12,191.6438,0.0000,0.0005
tabu,hfvrp_n002_m03_s04,12,183.4134,0.0000,0.0006
tabu,hfvrp_n002_m03_s05,12,297.7926,0.0000,0.0005
tabu,hfvrp_n005_m03_s01,12,386.6674,0.0000,0.0001
tabu,hfvrp_n005_m03_s02,12,433.5826,0.0000,0.0018
tabu,hfvrp_n005_m03_s03,12,444.7348,0.0000,0.0017
tabu,hfvrp_n005_m03_s04,12,350.4459,0.0000,0.0016
tabu,hfvrp_n005_m03_s05,12,438.4297,0.0000,0.0001
tabu,hfvrp_n010_m03_s01,12,583.3964,0.0000,0.0054
tabu,hfvrp_n010_m03_s02,12,621.1946,0.0000,0.0010
tabu,hfvrp_n010_m03_s03,12,725.6380,0.0000,0.0062
tabu,hfvrp_n010_m03_s04,12,659.2102,0.0000,0.0007
tabu,hfvrp_n010_m03_s05,12,645.7612,0.0000,0.0051
tabu,hfvrp_n015_m03_s01,12,900.1769,0.0000,0.0147
tabu,hfvrp_n015_m03_s02,12,940.4516,0.0000,0.0147
tabu,hfvrp_n015_m03_s03,12,663.0746,0.0000,0.0141
tabu,hfvrp_n015_m03_s04,12,1186.7106,0.0000,0.0142
tabu,hfvrp_n015_m03_s05,12,909.4788,0.0000,0.0081
tabu,hfvrp_n020_m04_s01,12,992.3814,0.0000,0.0276
tabu,hfvrp_n020_m04_s02,12,1065.0811,0.0000,0.0157
tabu,hfvrp_n020_m04_s03,12,1145.4349,0.0000,0.0224
tabu,hfvrp_n020_m04_s04,12,1196.1167,0.0000,0.0304
tabu,hfvrp_n020_m04_s05,12,1104.1577,0.0000,0.0243
tabu,hfvrp_n030_m06_s01,12,1964.5610,0.0000,0.0903
tabu,hfvrp_n030_m06_s02,12,1649.0419,0.0000,0.0991
tabu,hfvrp_n030_m06_s03,12,1790.3007,0.0000,0.0782
tabu,hfvrp_n030_m06_s04,12,1673.1995,0.0000,0.1192
tabu,hfvrp_n030_m06_s05,12,1612.7548,0.0000,0.0597
tabu,hfvrp_n050_m10_s01,12,3275.1886,0.0000,0.4972
tabu,hfvrp_n050_m10_s02,12,3655.4363,0.0000,0.5944
tabu,hfvrp_n050_m10_s03,12,3401.8526,0.0000,0.2594
tabu,hfvrp_n050_m10_s04,12,3642.5177,0.0000,0.2692
tabu,hfvrp_n050_m10_s05,12,3560.5012,0.0000,0.3418
tabu,hfvrp_n075_m15_s01,12,4805.6939,0.0000,1.0492
tabu,hfvrp_n075_m15_s02,12,5919.2278,0.0000,1.6788
tabu,hfvrp_n075_m15_s03,12,6424.8658,0.0000,0.8077
tabu,hfvrp_n075_m15_s04,12,6369.2426,0.0000,0.9115
tabu,hfvrp_n075_m15_s05,12,5591.4575,0.0000,1.0313
tabu,hfvrp_n100_m20_s01,12,9519.2182,0.0000,1.7548
tabu,hfvrp_n100_m20_s02,12,8769.2082,0.0000,2.3666
tabu,hfvrp_n100_m20_s03,12,8995.1860,0.0000,2.4880
tabu,hfvrp_n100_m20_s04,12,9424.6208,0.0000,1.8800
tabu,hfvrp_n100_m20_s05,12,8351.5019,0.0000,3.4776
tabu,hfvrp_n150_m30_s01,12,14427.5077,0.0000,8.5261
tabu,hfvrp_n150_m30_s02,12,13405.3919,0.0000,17.9443
tabu,hfvrp_n150_m30_s03,12,15383.6748,0.0000,7.2591
tabu,hfvrp_n150_m30_s04,12,15161.0134,0.0000,8.5858
tabu,hfvrp_n150_m30_s05,12,13605.4249,0.0000,8.9755
tabu,hfvrp_n200_m40_s01,12,21445.3324,0.0000,31.0345
tabu,hfvrp_n200_m40_s02,12,21300.9681,0.0000,36.6254
tabu,hfvrp_n200_m40_s03,12,22913.1326,0.0000,30.0094
tabu,hfvrp_n200_m40_s04,12,23121.9431,0.0000,29.1703
tabu,hfvrp_n200_m40_s05,12,22097.1324,0.0000,38.0310
tabu,pyvrp_X101_FSMFD,12,3675802.5103,0.0000,3.5113
tabu,pyvrp_X106_FSMD,12,3730005.3521,0.0000,2.5412
tabu,pyvrp_X110_HD,12,1903868.9961,0.0000,2.6576
tabu,pyvrp_X120_FSMF,12,3207644.2232,0.0000,1.7941
